Title,Author,Format-Year
"Learning Spanish-beginner I
Learning Spanish-beginner I, eBook","Iris Acevedo A.; Spanishonline, Costarica","eBook, 2025 — Spanish
eBook, 2025. Language: Spanish
Check out now on Hoopla
Check out now on Hoopla, opens a new window"
"Real-World Spanish: The Conversation Learning System
Real-World Spanish: The Conversation Learning System, eAudiobook",Camila Vega Rivera,"eAudiobook, 2025
eAudiobook, 2025
Check out now on Hoopla
Check out now on Hoopla, opens a new window"
"100 Facts About Learning Spanish
100 Facts About Learning Spanish, eAudiobook",Science-Based Language Learning Lab,"eAudiobook, 2024
eAudiobook, 2024
Check out now on Hoopla
Check out now on Hoopla, opens a new window"
"A Beginner's Guide to Learning Spanish
A Beginner's Guide to Learning Spanish, eAudiobook","Miller, Jackson","eAudiobook, 2024
eAudiobook, 2024
Check out now on Hoopla
Check out now on Hoopla, opens a new window"
"No Tears Spanish Grammar: Easy Learning: Essential Rules for Beginners
No Tears Spanish Grammar: Easy Learning: Essential Rules for Beginners, eBook","Bennett, Olivia","eBook, 2024
eBook, 2024
Check out now on Hoopla
Check out now on Hoopla, opens a new window"
"100 Facts About Learning Spanish
100 Facts About Learning Spanish, eBook
English to Spanish",Science-Based Language Learning Lab,"eBook, 2024
eBook, 2024
Check out now on Hoopla
Check out now on Hoopla, opens a new window"
"Learning Spanish for Adults Beginner
Learning Spanish for Adults Beginner, eBook","World, Spain","eBook, 2023
eBook, 2023
Check out now on Hoopla
Check out now on Hoopla, opens a new window"
"Learning to Read in English and Spanish Made Easy
Learning to Read in English and Spanish Made Easy, eBook
A Guide for Teachers, Tutors, and Parents","Navarijo, Susie G.","eBook, 2022
eBook, 2022
Check out now on Hoopla
Check out now on Hoopla, opens a new window"
"Spanish for Beginners: A Comprehensive Guide for Learning the Spanish Language Fast
Spanish for Beginners: A Comprehensive Guide for Learning the Spanish Language Fast, eBook",Language Equipped Travelers,"eBook, 2021
eBook, 2021
Check out now on Hoopla
Check out now on Hoopla, opens a new window"
"Spanish: Beginner's Step by Step Course to Quickly Learning the Spanish Language, Spanish Grammar &
Spanish: Beginner's Step by Step Course to Quickly Learning the Spanish Language, Spanish Grammar &, eBook","Michaels, Steven J.","eBook, 2021
eBook, 2021
Check out now on Hoopla
Check out now on Hoopla, opens a new window"
"Learn Spanish Like a Native for Beginners - Level 1: Learning Spanish in Your Car Has Never Been Eas
Learn Spanish Like a Native for Beginners - Level 1: Learning Spanish in Your Car Has Never Been Eas, eBook",Learn Like a Native,"eBook, 2021
eBook, 2021
Check out now on Hoopla
Check out now on Hoopla, opens a new window"
"Learn Spanish Like a Native for Beginners - Level 2: Learning Spanish in Your Car Has Never Been Eas
Learn Spanish Like a Native for Beginners - Level 2: Learning Spanish in Your Car Has Never Been Eas, eBook",Learn Like a Native,"eBook, 2021
eBook, 2021
Check out now on Hoopla
Check out now on Hoopla, opens a new window"
"I'm Learning Spanish
I'm Learning Spanish, eAudiobook
Listen, Repeat, Speak language learning course","Gardner, James M.","eAudiobook, 2020 — Chinese
eAudiobook, 2020. Language: Chinese
Check out now on Hoopla
Check out now on Hoopla, opens a new window"
"I am learning Spanish
I am learning Spanish, eAudiobook","Gardner, James M.","eAudiobook, 2018
eAudiobook, 2018
Check out now on Hoopla
Check out now on Hoopla, opens a new window"
"The Best Spanish Learning Games for Children
The Best Spanish Learning Games for Children, eBook","Professor, Baby","eBook, 2017
eBook, 2017
Check out now on Hoopla
Check out now on Hoopla, opens a new window"
"Easy Learning Spanish Vocabulary
Easy Learning Spanish Vocabulary, eBook","Dictionaries, Collins","eBook, 2016 — Spanish
eBook, 2016. Language: Spanish
Check out now on Hoopla
Check out now on Hoopla, opens a new window"
"Spanish Easy Learning Complete Course
Spanish Easy Learning Complete Course, eAudiobook
Language Learning the easy way with Collins","Carmen García del Río; Fitzsimons, Ronan","eAudiobook, 2016
eAudiobook, 2016
Check out now on Hoopla
Check out now on Hoopla, opens a new window"
"Learning the Local Language: Your Guide to Real World Spanish
Learning the Local Language: Your Guide to Real World Spanish, eBook","Romey, Jared","eBook, 2013
eBook, 2013
Check out now on Hoopla
Check out now on Hoopla, opens a new window"
"Expressing Emotion with the Subjunctive
Expressing Emotion with the Subjunctive, Streaming Video
Learning Spanish II: How to Understand and Speak a New Language, Episode 29",,"Streaming Video, 2017
Streaming Video, 2017
Check out now on Hoopla
Check out now on Hoopla, opens a new window"
"Advanced Work with the Preterite Tense
Advanced Work with the Preterite Tense, Streaming Video
Learning Spanish II: How to Understand and Speak a New Language, Episode 5",,"Streaming Video, 2017
Streaming Video, 2017
Check out now on Hoopla
Check out now on Hoopla, opens a new window"
